City_ID,City,Country,Lat,Lng,Max Temp,Humidity,Cloudiness,Wind Speed,Current Description
0,Natchitoches,US,31.7668,-93.1335,88.65,44,86,3.58,overcast clouds
1,Karasjok,NO,69.4719,25.5112,57.18,75,100,6.06,overcast clouds
2,Komsomolskiy,UZ,40.4272,71.7189,77.72,41,21,4.61,few clouds
3,Puerto Ayora,EC,-0.7393,-90.3518,76.96,90,55,8.01,broken clouds
4,Bozhou,CN,33.8772,115.7703,73.18,58,97,6.6,overcast clouds
5,Ancud,CL,-41.8697,-73.8203,48.6,85,100,8.3,overcast clouds
6,Shitkino,RU,56.3703,98.3543,54.54,65,45,4.7,scattered clouds
7,Fort Nelson,CA,58.8053,-122.7002,63.99,39,75,5.75,broken clouds
8,Ushuaia,AR,-54.8,-68.3,47.86,66,75,4.61,broken clouds
9,Saint-Louis,SN,16.3333,-15.0,85.19,46,10,20.11,clear sky
10,Iqaluit,CA,63.7506,-68.5145,49.73,50,75,18.41,broken clouds
11,Jamestown,US,42.097,-79.2353,73.94,73,75,4.59,broken clouds
12,Port Lincoln,AU,-34.7333,135.8667,53.96,69,62,7.11,broken clouds
13,Maniitsoq,GL,65.4167,-52.9,42.28,77,14,11.45,few clouds
14,Ponta Do Sol,PT,32.6667,-17.1,71.71,80,0,2.24,clear sky
15,Mataura,NZ,-46.1927,168.8643,38.48,88,98,6.2,overcast clouds
16,Severo-Kurilsk,RU,50.6789,156.125,44.91,82,88,10.67,overcast clouds
17,Richards Bay,ZA,-28.783,32.0377,65.66,81,0,12.8,clear sky
18,Yokadouma,CM,3.5167,15.05,73.81,80,91,1.39,overcast clouds
19,Atuona,PF,-9.8,-139.0333,77.54,65,8,13.38,clear sky
20,Rongcheng,CN,30.634,117.8517,67.93,90,99,1.9,moderate rain
21,Dikson,RU,73.5069,80.5464,43.09,73,100,18.07,overcast clouds
22,Leh,IN,34.1667,77.5833,53.08,32,4,4.68,clear sky
23,Yellowknife,CA,62.456,-114.3525,68.52,49,75,19.57,broken clouds
24,Fortuna,US,40.5982,-124.1573,76.93,79,100,5.75,overcast clouds
25,Bengkulu,ID,-3.8004,102.2655,74.8,92,100,8.63,overcast clouds
26,Bougouni,ML,11.417,-7.479,88.88,33,36,7.7,scattered clouds
27,Saint-Philippe,RE,-21.3585,55.7679,65.79,80,49,12.19,scattered clouds
28,Punta Arenas,CL,-53.15,-70.9167,44.71,81,75,9.22,broken clouds
29,Qaanaaq,GL,77.484,-69.3632,30.58,72,100,1.1,overcast clouds
30,Souillac,MU,-20.5167,57.5167,73.78,68,75,11.5,broken clouds
31,Aklavik,CA,68.2191,-135.0107,39.2,81,100,13.8,overcast clouds
32,Mar Del Plata,AR,-38.0023,-57.5575,53.62,74,0,6.91,clear sky
33,Port Alfred,ZA,-33.5906,26.891,67.35,37,45,13.42,scattered clouds
34,Tuktoyaktuk,CA,69.4541,-133.0374,42.8,75,75,10.36,broken clouds
35,Honningsvag,NO,70.9821,25.9704,49.75,87,100,6.91,light rain
36,Bambous Virieux,MU,-20.3428,57.7575,73.65,68,75,11.5,broken clouds
37,Egvekinot,RU,66.3167,-179.1667,36.91,53,82,2.55,broken clouds
38,Busselton,AU,-33.65,115.3333,62.11,87,35,12.64,light rain
39,Bredasdorp,ZA,-34.5322,20.0403,64.31,33,100,4.43,overcast clouds
40,Georgetown,MY,5.4112,100.3354,76.95,94,40,3.44,scattered clouds
41,Ponta Delgada,PT,37.7333,-25.6667,66.51,94,40,12.66,light intensity shower rain
42,Alofi,NU,-19.0595,-169.9187,76.89,94,75,5.75,broken clouds
43,Tignere,CM,7.3667,12.65,64.58,92,12,3.04,few clouds
44,Cape Town,ZA,-33.9258,18.4232,68.41,42,0,14.97,clear sky
45,Bluff,NZ,-46.6,168.3333,38.8,73,100,14.36,overcast clouds
46,Pisco,PE,-13.7,-76.2167,66.25,77,20,6.91,few clouds
47,Kumluca,TR,36.3703,30.2869,72.93,80,3,3.11,clear sky
48,Kirakira,SB,-10.4544,161.9205,80.98,80,14,5.01,few clouds
49,Norman Wells,CA,65.282,-126.8329,53.64,82,100,12.66,overcast clouds
50,Monte Carmelo,BR,-18.7247,-47.4986,66.25,71,100,6.46,overcast clouds
51,Along,IN,28.1667,94.7667,73.47,100,100,1.59,overcast clouds
52,Sorland,NO,67.667,12.6934,49.86,92,94,8.48,overcast clouds
53,Pangnirtung,CA,66.1451,-65.7125,34.29,94,96,2.55,overcast clouds
54,Kapaa,US,22.0752,-159.319,81.48,74,20,12.66,few clouds
55,Castro,BR,-24.7911,-50.0119,44.04,76,99,3.33,overcast clouds
56,Alapur,IN,27.9555,79.2269,97.3,14,49,6.02,scattered clouds
57,Port-Gentil,GA,-0.7193,8.7815,76.96,94,20,5.75,few clouds
58,Arraial Do Cabo,BR,-22.9661,-42.0278,66.06,88,100,10.36,light intensity drizzle
59,Sola,VU,-13.8833,167.55,80.6,77,79,9.35,broken clouds
60,Zaraysk,RU,54.7653,38.8836,57.6,79,35,5.53,scattered clouds
61,Thompson,CA,55.7435,-97.8558,68.16,34,20,12.66,few clouds
62,Kodiak,US,57.79,-152.4072,54.91,71,100,5.75,overcast clouds
63,Rikitea,PF,-23.1203,-134.9692,73.69,79,9,9.37,light rain
64,Hilo,US,19.7297,-155.09,84.27,82,100,6.91,light rain
65,Montepuez,MZ,-13.1256,38.9997,65.12,72,87,8.16,overcast clouds
66,Sidi Ali,DZ,36.0998,0.4206,76.5,48,0,9.48,clear sky
67,Clyde River,CA,70.4692,-68.5914,32.23,93,40,13.8,scattered clouds
68,Vung Tau,VN,10.346,107.0843,81.97,81,79,7.16,light rain
69,Kaitangata,NZ,-46.2817,169.8464,38.77,73,100,11.32,overcast clouds
70,Katsuura,JP,35.1333,140.3,64.85,91,100,25.9,moderate rain
71,Suntar,RU,62.1444,117.6319,47.89,95,63,4.99,light rain
72,Albany,US,42.6001,-73.9662,76.89,48,100,1.01,overcast clouds
73,Okhotsk,RU,59.3833,143.3,42.37,90,100,0.76,overcast clouds
74,Katherine,AU,-14.4667,132.2667,52.12,40,26,5.75,scattered clouds
75,Leningradskiy,RU,69.3833,178.4167,36.84,67,93,8.97,overcast clouds
76,Biloxi,US,30.396,-88.8853,91.4,67,40,9.22,scattered clouds
77,Nieuw Amsterdam,SR,5.8833,-55.0833,86.16,70,40,2.3,scattered clouds
78,Ilulissat,GL,69.2167,-51.1,37.42,75,20,9.22,few clouds
79,Barrow,US,71.2906,-156.7887,33.82,75,100,13.8,overcast clouds
80,Avarua,CK,-21.2078,-159.775,78.85,61,100,13.8,overcast clouds
81,Akersberga,SE,59.4794,18.2997,61.32,67,10,5.75,clear sky
82,Benidorm,ES,38.5382,-0.131,78.75,43,0,1.99,clear sky
83,Hobart,AU,-42.8794,147.3294,40.86,82,40,14.97,scattered clouds
84,Piranhas,BR,-16.4269,-51.8222,78.85,45,100,7.81,overcast clouds
85,Vestmannaeyjar,IS,63.4427,-20.2734,50.25,81,100,25.84,overcast clouds
86,Asfi,MA,32.2994,-9.2372,69.8,88,64,5.19,broken clouds
87,Esperance,AU,-33.8667,121.9,57.72,76,81,15.77,broken clouds
88,Inhambane,MZ,-23.865,35.3833,66.52,84,15,7.11,few clouds
89,Lazaro Cardenas,MX,17.9583,-102.2,87.46,61,79,10.65,broken clouds
90,Nador,MA,35.174,-2.9287,73.65,73,0,5.75,clear sky
91,Saldanha,ZA,-33.0117,17.9442,59.05,79,75,12.37,broken clouds
92,Krasnoarmeysk,RU,51.0239,45.6969,61.59,76,6,7.52,clear sky
93,Flin Flon,CA,54.7682,-101.865,60.64,55,75,8.05,broken clouds
94,Vaini,TO,-21.2,-175.2,77.16,83,75,5.75,broken clouds
95,Kerman,IR,30.2832,57.0788,76.86,15,0,4.61,clear sky
96,New Norfolk,AU,-42.7826,147.0587,40.5,81,90,3.0,overcast clouds
97,Hermanus,ZA,-34.4187,19.2345,63.79,46,76,6.64,broken clouds
98,Corn Island,NI,12.1694,-83.0418,80.06,78,100,23.22,overcast clouds
99,Dusnok,HU,46.3909,18.963,62.94,85,34,7.65,scattered clouds
100,Ipixuna,BR,-1.7625,-48.8043,75.54,93,97,2.51,light rain
101,Podosinovets,RU,60.2776,47.0659,42.6,79,6,5.46,clear sky
102,Moron,AR,-34.6534,-58.6198,58.75,37,28,4.32,scattered clouds
103,Sao Filipe,CV,14.8961,-24.4956,73.74,85,16,8.37,few clouds
104,Port Elizabeth,ZA,-33.918,25.5701,70.11,32,86,11.81,overcast clouds
105,Chuy,UY,-33.6971,-53.4616,47.93,72,44,14.61,scattered clouds
106,Tolstoy-Yurt,RU,43.4444,45.7722,62.92,72,0,4.47,clear sky
107,Cordoba,AR,-31.4135,-64.1811,68.85,32,0,10.36,clear sky
108,East London,ZA,-33.0153,27.9116,73.18,29,11,14.58,few clouds
109,Saint-Pierre,RE,-21.3393,55.4781,65.91,72,20,6.91,few clouds
110,Cherskiy,RU,68.75,161.3,64.62,32,99,4.47,overcast clouds
111,Dubinino,RU,55.6192,89.0911,65.17,79,100,10.69,light rain
112,Hamilton,US,39.1834,-84.5333,78.75,68,20,8.05,few clouds
113,Ucluelet,CA,48.9329,-125.5528,55.09,92,40,7.27,scattered clouds
114,Tazovskiy,RU,67.4667,78.7,57.52,74,100,10.4,overcast clouds
115,Airai,TL,-8.9266,125.4092,56.01,86,100,3.69,overcast clouds
116,Saskylakh,RU,71.9167,114.0833,52.61,53,6,9.86,clear sky
117,Sinnamary,GF,5.3833,-52.95,80.11,80,15,9.08,few clouds
118,Uruzgan,AF,32.8333,66.0,69.19,29,0,8.41,clear sky
119,Victoria,HK,22.2855,114.1577,82.33,93,96,1.99,overcast clouds
120,Ribeira Grande,PT,38.5167,-28.7,64.8,72,20,19.57,few clouds
121,Coihaique,CL,-45.5752,-72.0662,39.81,75,100,0.0,overcast clouds
122,Nyurba,RU,63.2842,118.3319,48.18,89,100,5.32,light rain
123,College,US,64.8569,-147.8028,66.99,46,40,3.44,scattered clouds
124,Hastings,GB,50.8552,0.5729,60.73,77,70,12.03,broken clouds
125,Kamenka,RU,51.3223,42.7678,61.84,86,87,7.92,overcast clouds
126,Olavarria,AR,-36.8927,-60.3225,47.19,37,17,6.04,few clouds
127,Cidreira,BR,-30.1811,-50.2056,50.34,60,5,17.11,clear sky
128,Saint-Jean-De-Maurienne,FR,45.1667,6.5833,50.23,71,6,2.77,clear sky
129,Vila Franca Do Campo,PT,37.7167,-25.4333,66.2,94,100,6.13,light rain
130,Khatanga,RU,71.9667,102.5,46.42,67,86,9.53,overcast clouds
131,Vila Velha,BR,-20.3297,-40.2925,73.35,82,75,10.36,broken clouds
132,Kintampo,GH,8.0563,-1.7306,72.68,92,60,5.88,light rain
133,Klaksvik,FO,62.2266,-6.589,50.92,94,78,15.41,broken clouds
134,Fukue,JP,32.6881,128.8419,68.85,87,50,23.64,scattered clouds
135,Acapulco,MX,16.8634,-99.8901,87.62,58,100,8.05,overcast clouds
136,Mbouda,CM,5.6258,10.2552,60.42,94,63,2.46,broken clouds
137,Upernavik,GL,72.7868,-56.1549,30.85,79,27,14.76,scattered clouds
138,Meulaboh,ID,4.1363,96.1285,76.08,88,100,4.0,overcast clouds
139,Sobolevo,RU,54.4299,31.8996,59.9,95,16,6.53,few clouds
140,Kavieng,PG,-2.5744,150.7967,82.44,71,2,13.94,clear sky
141,Concepcion Del Oro,MX,24.6333,-101.4167,82.72,21,24,8.19,few clouds
142,Butaritari,KI,3.0707,172.7902,81.81,76,54,12.55,broken clouds
143,Ripky,UA,51.801,31.0838,69.12,82,47,3.69,scattered clouds
144,Lake City,US,30.1897,-82.6393,89.31,74,75,19.57,broken clouds
145,Susanville,US,40.4163,-120.653,85.91,26,0,19.57,clear sky
146,Andenes,NO,69.3143,16.1194,46.38,93,100,6.91,overcast clouds
147,Flic En Flac,MU,-20.2742,57.3631,73.96,72,20,16.15,few clouds
148,Nikolskoye,RU,59.7035,30.7861,60.69,75,25,4.07,scattered clouds
149,Rumuruti,KE,0.267,36.5389,60.84,76,97,7.38,overcast clouds
150,Kuryk,KZ,43.2,51.65,72.9,47,36,8.52,scattered clouds
151,Guilin,CN,25.2819,110.2864,73.51,98,100,1.61,overcast clouds
152,Churapcha,RU,62.0025,132.4325,57.99,69,100,3.62,overcast clouds
153,Moyale,KE,3.5167,39.0584,69.62,70,99,13.06,light rain
154,Rapid Valley,US,44.0625,-103.1463,89.04,46,0,9.22,clear sky
155,Huron,US,41.1501,-82.5499,78.26,54,100,11.14,overcast clouds
156,Charleston,US,32.7766,-79.9309,86.02,78,0,11.5,clear sky
157,Durban,ZA,-29.8579,31.0292,64.02,88,0,5.01,clear sky
158,Hami,CN,42.8,93.45,72.55,11,0,5.32,clear sky
159,San Quintin,MX,30.4833,-115.95,73.87,64,7,14.7,clear sky
160,Sitka,US,57.0531,-135.33,55.29,54,75,10.36,broken clouds
161,Husavik,IS,66.0449,-17.3389,43.54,99,100,8.1,overcast clouds
162,Carnarvon,AU,-24.8667,113.6333,70.18,67,0,12.01,clear sky
163,Dhidhdhoo,MV,6.8833,73.1,82.63,78,100,14.05,overcast clouds
164,Sabang,ID,5.8933,95.3214,82.76,71,100,15.68,overcast clouds
165,Longyearbyen,SJ,78.2186,15.6401,39.04,81,100,10.36,overcast clouds
166,Thunder Bay,CA,48.4001,-89.3168,64.38,55,20,10.36,few clouds
167,Narsaq,GL,60.9167,-46.05,53.82,62,100,8.05,overcast clouds
168,Bagdarin,RU,54.4333,113.6,51.24,91,65,3.53,broken clouds
169,Coquimbo,CL,-29.9533,-71.3436,53.33,87,75,12.66,broken clouds
170,Mikuni,JP,36.2171,136.1519,64.31,87,52,16.64,broken clouds
171,Plettenberg Bay,ZA,-34.0527,23.3716,76.6,23,100,19.98,overcast clouds
172,Mayo,US,38.8876,-76.5119,74.39,82,100,4.61,overcast clouds
173,Kieta,PG,-6.2167,155.6333,80.22,81,6,5.39,light rain
174,Asau,RO,46.4333,26.4,63.95,100,95,5.57,overcast clouds
175,Neiafu,TO,-18.65,-173.9833,79.48,83,40,11.5,scattered clouds
176,Northam,GB,51.0333,-4.2167,57.38,87,44,12.06,scattered clouds
177,Kachug,RU,53.9606,105.8817,50.85,66,39,2.06,scattered clouds
178,Naryan-Mar,RU,67.6713,53.087,37.92,76,30,8.77,scattered clouds
179,Yichun,CN,47.7,128.9,53.28,66,9,1.1,clear sky
180,Ambanja,MG,-13.6833,48.45,69.12,88,32,3.83,scattered clouds
181,San Patricio,US,28.017,-97.5169,101.12,36,1,19.53,clear sky
182,Alugan,PH,12.2188,125.4808,78.49,83,49,6.78,scattered clouds
183,Noyabrsk,RU,63.1994,75.4507,55.99,94,100,9.84,overcast clouds
184,San Lorenzo,PY,-25.3333,-57.5333,59.94,44,0,7.0,clear sky
185,Saint-Georges,GD,12.0564,-61.7485,83.88,79,40,19.57,scattered clouds
186,Chippewa Falls,US,44.9369,-91.3929,75.38,77,75,4.61,broken clouds
187,Bonavista,CA,48.6499,-53.1147,55.99,74,100,19.33,overcast clouds
188,Bajil,YE,15.0584,43.2851,91.65,42,32,3.36,scattered clouds
189,Hithadhoo,MV,-0.6,73.0833,83.55,71,87,9.57,light rain
190,Pevek,RU,69.7008,170.3133,40.33,56,81,7.49,broken clouds
191,Prabumulih,ID,-3.45,104.25,72.45,99,100,2.59,moderate rain
192,Lebu,CL,-37.6167,-73.65,52.57,78,100,4.79,overcast clouds
193,Rawson,AR,-43.3002,-65.1023,54.91,49,100,9.84,overcast clouds
194,Yerbogachen,RU,61.2767,108.0108,48.27,62,58,1.63,broken clouds
195,Pacific Grove,US,36.6177,-121.9166,90.55,66,0,8.05,clear sky
196,Penzance,GB,50.1186,-5.5371,59.68,82,75,13.76,broken clouds
197,Yashkul,RU,46.1711,45.3435,77.4,29,44,8.97,scattered clouds
198,Nanortalik,GL,60.1432,-45.2371,43.59,85,100,20.38,moderate rain
199,Mahebourg,MU,-20.4081,57.7,73.69,68,75,11.5,broken clouds
200,Lagoa,PT,39.05,-27.9833,60.8,80,98,10.02,overcast clouds
201,Luderitz,NA,-26.6481,15.1594,65.75,45,31,7.96,scattered clouds
202,Muros,ES,42.7762,-9.0603,67.68,80,9,16.93,clear sky
203,Kismayo,SO,-0.3582,42.5454,78.82,79,100,15.57,light rain
204,Provideniya,RU,64.3833,-173.3,37.62,70,95,0.89,overcast clouds
205,Byron Bay,AU,-28.65,153.6167,49.71,57,2,6.85,clear sky
206,Lompoc,US,34.6391,-120.4579,81.59,67,0,16.11,clear sky
207,Avera,US,33.194,-82.5271,91.54,41,81,1.5,broken clouds
208,Anadyr,RU,64.75,177.4833,45.1,56,0,11.18,clear sky
209,Sangar,RU,63.9242,127.4739,53.31,81,100,3.13,overcast clouds
210,Tarko-Sale,RU,64.9225,77.785,60.75,70,98,17.65,overcast clouds
211,Nome,US,64.5011,-165.4064,49.15,40,0,0.0,clear sky
212,Dharchula,IN,29.85,80.5333,72.59,43,32,6.26,scattered clouds
213,Los Llanos De Aridane,ES,28.6585,-17.9182,67.75,92,100,13.8,overcast clouds
214,Kodino,RU,63.7198,39.6447,48.63,78,32,4.25,scattered clouds
215,Kharitonovo,RU,61.4009,47.4978,42.46,74,12,4.81,few clouds
216,Cedar City,US,37.6775,-113.0619,92.37,10,0,16.11,clear sky
217,Padang,ID,-0.9492,100.3543,73.9,93,100,3.27,moderate rain
218,Bonthe,SL,7.5264,-12.505,79.47,81,100,7.9,overcast clouds
219,Necochea,AR,-38.5473,-58.7368,46.45,72,0,5.88,clear sky
220,Evensk,RU,61.95,159.2333,41.52,93,100,8.86,light rain
221,Tadine,NC,-21.55,167.8833,74.79,88,84,5.91,broken clouds
222,Hisor,TJ,38.525,68.5512,73.15,50,1,4.05,clear sky
223,Storsteinnes,NO,69.2408,19.2344,48.85,93,100,4.81,light rain
224,Vanimo,PG,-2.6741,141.3028,76.46,89,62,3.98,broken clouds
225,Kodinsk,RU,58.6881,99.1844,54.9,64,72,5.26,broken clouds
226,Blagoveshchenka,RU,52.8333,79.8667,61.39,65,69,4.29,broken clouds
227,Carinhanha,BR,-14.3047,-43.765,80.19,26,6,4.59,clear sky
228,San Jeronimo,PE,-11.9472,-75.2829,60.55,42,8,4.72,clear sky
229,Okato,NZ,-39.2,173.8833,57.18,87,100,17.0,moderate rain
230,Gambo,CF,4.6482,22.2633,71.69,86,31,1.92,scattered clouds
231,Lata,PT,40.1629,-8.3327,66.07,81,0,2.84,clear sky
232,Najran,SA,17.4924,44.1277,84.85,12,5,2.86,clear sky
233,Kruisfontein,ZA,-34.0033,24.7314,67.89,21,94,17.43,overcast clouds
234,Tautira,PF,-17.7333,-149.15,78.26,81,55,21.65,light rain
235,Pakxan,LA,18.3778,103.6601,75.36,94,96,1.97,moderate rain
236,La Ronge,CA,55.1001,-105.2842,62.82,72,75,6.91,broken clouds
237,Road Town,VG,18.4167,-64.6167,86.04,74,40,14.97,scattered clouds
238,Cankuzo,BI,-3.1333,30.5833,63.16,67,88,2.66,overcast clouds
239,Saint George,US,37.1041,-113.5841,104.79,10,0,23.02,clear sky
240,Dawlatabad,AF,36.4141,64.9053,80.06,30,77,3.24,broken clouds
241,Karpogory,RU,64.0019,44.4451,42.73,71,0,4.45,clear sky
242,Antofagasta,CL,-23.65,-70.4,60.08,73,23,6.33,few clouds
243,Veraval,IN,20.9,70.3667,82.78,79,71,10.07,broken clouds
244,Tuatapere,NZ,-46.1333,167.6833,35.83,97,99,4.27,moderate rain
245,Nong Khai,TH,17.9167,103.0833,80.29,88,89,3.8,overcast clouds
246,Safakulevo,RU,54.9901,62.5442,52.52,96,16,8.93,few clouds
247,Birjand,IR,32.8663,59.2211,73.87,33,0,11.5,clear sky
248,Port Macquarie,AU,-31.4333,152.9167,44.24,71,0,6.13,clear sky
249,Deputatskiy,RU,69.3,139.9,53.85,60,1,5.97,clear sky
250,Dunedin,NZ,-45.8742,170.5036,45.81,48,100,11.01,light rain
251,Hindoria,IN,23.9,79.5667,91.44,37,40,11.81,scattered clouds
252,Yudong,CN,29.385,106.5194,74.37,99,100,3.89,overcast clouds
253,Zyryanka,RU,65.75,150.85,51.8,68,66,5.21,broken clouds
254,Laje,BR,-10.1833,-40.9667,80.44,46,95,6.78,overcast clouds
255,Tura,IN,25.5198,90.2201,73.83,98,95,7.96,moderate rain
256,Chokurdakh,RU,70.6333,147.9167,56.59,36,34,11.25,scattered clouds
257,Tatvan,TR,38.5067,42.2817,59.7,69,2,4.12,clear sky
258,Krasnyy Chikoy,RU,50.3643,108.7512,47.37,97,82,2.1,broken clouds
259,Goundam,ML,16.4145,-3.6708,99.7,19,23,12.41,few clouds
260,Torbay,CA,47.6666,-52.7314,72.37,53,75,17.27,broken clouds
261,Taybad,IR,34.74,60.7756,74.17,44,39,20.22,scattered clouds
262,Namibe,AO,-15.1961,12.1522,71.46,53,0,6.08,clear sky
263,Remanso,BR,-9.6179,-42.0831,82.17,49,48,4.61,scattered clouds
264,Irece,BR,-11.3042,-41.8558,80.73,36,30,4.12,scattered clouds
265,Gweru,ZW,-19.45,29.8167,48.04,95,23,9.22,few clouds
266,Kambove,CD,-10.8764,26.5969,55.53,68,2,4.14,clear sky
267,Marienburg,PL,54.0359,19.0266,63.12,86,32,3.29,scattered clouds
268,Tiksi,RU,71.6872,128.8694,38.91,72,72,7.52,broken clouds
269,Dalvik,IS,65.9702,-18.5286,46.33,97,100,4.68,overcast clouds
270,Shirokiy,RU,49.758,129.523,59.4,77,4,4.34,clear sky
271,Namatanai,PG,-3.6667,152.4333,79.75,77,5,6.91,clear sky
272,Bathsheba,BB,13.2167,-59.5167,84.81,70,20,26.46,few clouds
273,Trat,TH,12.5,102.5,82.9,89,100,1.68,overcast clouds
274,Vicuna,CL,-30.0319,-70.7081,78.76,19,0,2.93,clear sky
275,Mahenge,TZ,-8.6833,36.7167,62.67,69,77,3.31,broken clouds
276,Panzhihua,CN,26.5851,101.7128,70.97,89,98,1.63,overcast clouds
277,Boralday,KZ,43.3578,76.8594,64.26,63,20,0.0,few clouds
278,Guerrero Negro,MX,27.9769,-114.0611,76.64,53,4,17.09,clear sky
279,Kungurtug,RU,50.5994,97.5228,46.63,54,0,1.83,clear sky
280,Tashtyp,RU,52.7939,89.8983,61.39,78,100,5.5,overcast clouds
281,Neuquen,AR,-38.9516,-68.0591,58.89,38,0,0.0,clear sky
282,Otane,NZ,-39.8833,176.6333,55.0,71,100,5.75,overcast clouds
283,Makubetsu,JP,45.3714,141.8211,49.64,96,98,5.26,overcast clouds
284,Isangel,VU,-19.55,169.2667,78.91,84,98,6.22,overcast clouds
285,Inuvik,CA,68.3499,-133.7218,45.61,84,100,9.22,overcast clouds
286,Nishihara,JP,26.1842,127.7558,75.25,94,75,5.75,broken clouds
287,Hofn,IS,64.2539,-15.2082,50.5,76,100,7.92,light rain
288,Bani,DO,18.2833,-70.3333,89.04,64,92,15.99,overcast clouds
289,Faya,SA,18.3851,42.4509,75.31,30,2,3.33,clear sky
290,Gat,IL,31.61,34.7642,86.4,25,0,5.82,clear sky
291,Kyra,RU,49.5776,111.9753,51.19,95,100,5.21,overcast clouds
292,Korla,CN,41.7597,86.1469,79.0,23,67,10.47,broken clouds
293,Pingliang,CN,35.5392,106.6861,58.91,83,98,2.17,overcast clouds
294,Comodoro Rivadavia,AR,-45.8667,-67.5,62.46,19,0,8.05,clear sky
295,Canutama,BR,-6.5339,-64.3831,76.33,72,100,4.61,light rain
296,Sarab,IR,38.6066,44.9883,67.37,60,39,1.34,scattered clouds
297,Shelburne,CA,44.0787,-80.2041,69.91,60,33,10.0,scattered clouds
298,Paamiut,GL,61.994,-49.6678,42.44,74,100,3.36,overcast clouds
299,Kavaratti,IN,10.5669,72.642,83.07,78,97,19.08,overcast clouds
300,Silopi,TR,37.2497,42.4694,79.97,28,2,0.98,clear sky
301,Chapais,CA,49.7834,-74.8492,65.98,56,98,2.55,overcast clouds
302,Dryden,CA,49.7833,-92.7503,66.49,45,0,8.05,clear sky
303,Caravelas,BR,-17.7125,-39.2481,73.36,86,39,7.63,scattered clouds
304,Beloha,MG,-25.1667,45.05,67.21,83,2,14.05,clear sky
305,Cabo San Lucas,MX,22.8909,-109.9124,90.7,63,5,13.67,clear sky
306,Tasiilaq,GL,65.6145,-37.6368,39.36,70,7,1.07,clear sky
307,Ostrovnoy,RU,68.0531,39.5131,53.06,70,33,12.71,scattered clouds
308,Trairi,BR,-3.2778,-39.2689,76.53,79,19,6.8,few clouds
309,Roald,NO,62.5833,6.1333,60.17,72,100,10.36,overcast clouds
310,Voh,NC,-20.9667,164.7,72.52,87,99,6.02,overcast clouds
311,Saint-Joseph,RE,-21.3667,55.6167,64.78,78,24,12.62,few clouds
312,Zabaykalsk,RU,49.6333,117.3167,55.65,94,100,13.82,overcast clouds
313,Bonfim,BR,3.0833,-59.95,77.34,83,93,1.63,overcast clouds
314,Lumsden,CA,50.6501,-104.8678,77.0,33,100,6.73,overcast clouds
315,Prince Rupert,CA,54.3161,-130.3201,53.69,79,100,23.02,overcast clouds
316,Poum,NC,-20.2333,164.0167,75.07,82,97,17.11,overcast clouds
317,Srednekolymsk,RU,67.45,153.6833,57.15,47,6,3.67,clear sky
318,Lahij,YE,13.1667,44.5833,85.89,44,17,1.01,few clouds
319,Olafsvik,IS,64.8945,-23.7142,45.9,85,100,9.04,overcast clouds
320,Topolobampo,MX,25.6,-109.05,87.71,37,0,14.97,clear sky
321,Ozernovskiy,RU,51.5,156.5167,46.26,75,32,9.28,scattered clouds
322,Mount Isa,AU,-20.7333,139.5,49.77,53,84,9.22,broken clouds
323,San Felipe,VE,10.3399,-68.7425,79.5,84,97,3.49,overcast clouds
324,Kosonsoy,UZ,41.2561,71.5508,73.96,71,63,6.8,broken clouds
325,Kawalu,ID,-7.3817,108.2082,72.28,94,99,2.51,overcast clouds
326,San Cristobal,VE,7.7669,-72.225,77.18,64,99,5.97,overcast clouds
327,Cotonou,BJ,6.3654,2.4183,78.78,94,40,2.3,scattered clouds
328,Tashara,RU,55.5195,83.5094,58.78,90,38,9.17,scattered clouds
329,Westport,US,41.1415,-73.3579,75.27,54,100,4.61,overcast clouds
330,Cubuk,TR,40.2386,33.0322,64.15,72,40,16.11,scattered clouds
331,Malanje,AO,-9.5402,16.341,60.55,41,0,3.62,clear sky
332,Yunhe,CN,34.0833,119.7167,66.81,80,100,5.91,overcast clouds
333,Mattru,SL,7.6244,-11.8332,75.33,95,100,3.2,overcast clouds
334,Te Anau,NZ,-45.4167,167.7167,39.22,97,100,4.27,moderate rain
335,Hambantota,LK,6.1241,81.1185,80.24,80,100,16.2,overcast clouds
336,Marawi,PH,7.9986,124.2928,68.11,92,96,2.71,overcast clouds
337,Bereda,ES,43.2686,-7.5406,62.42,94,100,8.08,overcast clouds
338,Yeppoon,AU,-23.1333,150.7333,47.98,72,99,8.97,overcast clouds
339,Yar-Sale,RU,66.8333,70.8333,56.77,80,100,9.46,light rain
340,Atyashevo,RU,54.5644,46.0691,52.29,92,0,5.39,clear sky
341,Ust-Omchug,RU,61.15,149.6333,39.51,81,92,2.46,overcast clouds
342,Marsh Harbour,BS,26.5412,-77.0636,83.19,70,16,11.03,few clouds
343,Malko Tarnovo,BG,41.9833,27.5333,59.59,99,98,9.17,moderate rain
344,Kontagora,NG,10.3999,5.4695,78.17,68,41,4.16,scattered clouds
345,Constitucion,CL,-35.3333,-72.4167,55.22,63,54,1.72,broken clouds
346,Debre Sina,ET,9.85,39.7667,59.14,50,15,3.36,few clouds
347,Turukhansk,RU,65.8167,87.9833,62.49,42,100,11.05,overcast clouds
348,Hirara,JP,24.8,125.2833,78.93,87,100,9.66,light rain
349,Uarini,BR,-2.99,-65.1083,79.34,72,98,4.14,overcast clouds
350,Meadow Lake,US,34.8014,-106.5436,100.96,12,1,6.82,clear sky
351,Novobirilyussy,RU,56.9514,90.6661,59.9,79,96,4.61,light rain
352,Kaputa,ZM,-8.4689,29.6619,68.63,65,56,2.84,broken clouds
353,Orange Walk,BZ,17.8333,-88.8333,88.18,55,21,8.12,few clouds
354,Yabelo,ET,4.8833,38.0833,60.73,67,81,4.79,broken clouds
355,Tigil,RU,57.8,158.6667,45.5,68,100,16.44,overcast clouds
356,Lleida,ES,41.6167,0.6167,80.29,54,0,4.61,clear sky
357,Helena,US,46.5927,-112.0361,61.36,67,100,8.05,overcast clouds
358,Yulara,AU,-25.2406,130.9889,43.81,64,5,7.45,clear sky
359,Dordrecht,NL,51.81,4.6736,63.97,71,21,6.73,few clouds
360,Praya,CV,14.9215,-23.5087,77.54,73,0,9.22,clear sky
361,Kamphaeng Phet,TH,16.25,99.5,77.68,79,74,2.46,broken clouds
362,Goderich,CA,43.7501,-81.7165,73.72,49,52,10.36,broken clouds
363,Boddam,GB,57.4667,-1.7833,57.58,70,65,17.67,broken clouds
364,Ubaitaba,BR,-14.3125,-39.3233,72.91,90,42,3.53,scattered clouds
365,Talnakh,RU,69.4865,88.3972,54.21,48,84,8.3,broken clouds
366,Ilhabela,BR,-23.7781,-45.3581,63.61,84,100,4.45,overcast clouds
367,Mehamn,NO,71.0357,27.8492,46.31,83,100,5.08,light rain
368,Coracora,PE,-15.0333,-73.7833,56.21,20,0,8.81,clear sky
369,Abeche,TD,13.8292,20.8324,84.52,50,81,6.2,broken clouds
370,Iskilip,TR,40.7353,34.4739,60.33,92,97,4.0,overcast clouds
371,Macapa,BR,0.0389,-51.0664,89.58,62,40,8.05,scattered clouds
372,Atar,MR,20.5169,-13.0499,98.85,13,11,9.73,few clouds
373,Hasaki,JP,35.7333,140.8333,66.6,90,100,23.38,overcast clouds
374,Fremont,US,37.5483,-121.9886,98.56,47,0,14.97,clear sky
375,Port Blair,IN,11.6667,92.75,81.73,81,95,10.31,overcast clouds
376,Ishigaki,JP,24.3448,124.1572,80.73,100,75,2.3,broken clouds
377,Pestovo,RU,58.5938,35.8024,52.54,85,23,4.56,few clouds
378,Taikang,CN,46.8333,124.4167,65.68,70,100,9.31,overcast clouds
379,Ixtapa,MX,20.7,-105.2,86.23,77,23,8.99,few clouds
380,Shimoda,JP,34.6667,138.95,64.11,84,100,20.42,overcast clouds
381,Yongchang,CN,30.0381,119.7317,64.15,99,100,1.88,overcast clouds
382,Valga,EE,57.7778,26.0473,60.01,85,100,4.43,overcast clouds
383,Soldotna,US,60.4878,-151.0583,61.95,72,75,17.27,broken clouds
384,Arlit,NE,18.7369,7.3853,90.59,26,100,6.11,overcast clouds
385,Viedma,AR,-40.8135,-62.9967,54.27,31,58,9.6,broken clouds
386,Geraldton,AU,-28.7667,114.6,63.01,94,40,8.05,scattered clouds
387,Mount Gambier,AU,-37.8333,140.7667,50.67,79,100,9.35,overcast clouds
388,Roebourne,AU,-20.7833,117.1333,71.83,74,5,8.21,clear sky
389,Nizwa,OM,22.9333,57.5333,89.78,22,0,0.85,clear sky
390,Kijang,KR,35.2442,129.2139,65.93,86,0,10.85,clear sky
391,Makokou,GA,0.5738,12.8642,73.49,70,41,2.51,scattered clouds
392,Quatre Cocos,MU,-20.2078,57.7625,73.51,73,99,18.12,overcast clouds
393,Les Escoumins,CA,48.1111,-69.0236,56.55,57,24,10.07,few clouds
394,Jiazi,CN,22.8779,116.067,78.37,90,99,3.15,overcast clouds
395,Grindavik,IS,63.8424,-22.4338,51.75,81,75,19.57,broken clouds
396,Dingle,PH,10.9995,122.6711,76.48,90,91,2.46,overcast clouds
397,Dalbandin,PK,28.8947,64.4101,90.25,20,89,8.52,overcast clouds
398,Gallup,US,35.5281,-108.7426,90.36,14,0,11.5,clear sky
399,Oranjemund,NA,-28.55,16.4333,64.94,39,46,7.23,scattered clouds
400,Mogadishu,SO,2.0371,45.3438,79.0,82,84,17.38,light rain
401,Ewa Beach,US,21.3156,-158.0072,85.95,55,40,15.01,scattered clouds
402,Maningrida,AU,-12.0667,134.2667,63.73,85,76,11.34,broken clouds
403,Cairns,AU,-16.9167,145.7667,60.06,87,96,9.22,overcast clouds
404,Lavrentiya,RU,65.5833,-171.0,37.4,64,98,19.04,overcast clouds
405,Bethel,US,41.3712,-73.414,74.52,62,0,4.61,clear sky
406,Bilibino,RU,68.0546,166.4372,59.22,23,19,7.23,few clouds
407,Sioux Lookout,CA,50.1001,-91.917,64.47,45,20,10.36,few clouds
408,Berlevag,NO,70.8578,29.0864,58.8,87,100,0.0,light rain
409,Hervey Bay,AU,-25.2986,152.8535,47.01,78,82,5.99,broken clouds
410,Kuala Terengganu,MY,5.3302,103.1408,76.95,94,20,0.0,few clouds
411,San Bartolome De Tirajana,ES,27.9248,-15.5733,61.32,80,20,31.07,few clouds
412,Kurilsk,RU,45.2333,147.8833,43.68,95,85,13.0,overcast clouds
413,Atasu,KZ,48.6814,71.6433,61.68,44,66,3.6,broken clouds
414,Baykit,RU,61.67,96.37,53.89,61,97,4.63,overcast clouds
415,Vostok,RU,46.4856,135.8833,49.77,82,0,2.1,clear sky
416,Hetauda,NP,27.4284,85.0322,81.75,61,77,2.84,broken clouds
417,Wake Forest,US,35.9799,-78.5097,88.93,43,0,3.44,clear sky
418,Nkwerre,NG,5.7556,7.1063,72.05,97,92,4.76,overcast clouds
419,Shache,CN,38.4167,77.2406,69.71,25,26,5.35,scattered clouds
420,Point Pleasant,US,40.0832,-74.0682,72.1,60,20,3.44,few clouds
421,Ibra,OM,22.6906,58.5334,83.86,64,0,5.12,clear sky
422,Biella,IT,45.5871,8.0859,69.69,67,0,5.53,clear sky
423,Ruwi,OM,23.5996,58.5507,90.7,55,0,3.15,clear sky
424,Duncan,US,34.5023,-97.9578,98.49,43,0,9.22,clear sky
425,Casino,AU,-28.8667,153.05,49.57,77,2,5.32,clear sky
426,Ternate,ID,0.8,127.4,79.39,82,90,4.9,overcast clouds
427,Port Shepstone,ZA,-30.7414,30.455,63.79,70,0,5.84,clear sky
428,Petropavlovsk-Kamchatskiy,RU,53.0452,158.6483,48.79,76,0,4.47,clear sky
429,Muli,MV,2.9167,73.5667,82.65,75,99,11.88,overcast clouds
430,Uberaba,BR,-19.7483,-47.9319,68.58,68,0,4.61,clear sky
431,Ahuimanu,US,21.4447,-157.8378,85.71,64,75,14.97,broken clouds
432,Nanakuli,US,21.3906,-158.1547,85.95,52,40,11.5,scattered clouds
433,Cockburn Town,TC,21.4612,-71.1419,84.16,70,40,16.11,scattered clouds
434,Mana,GF,5.6592,-53.7767,79.25,85,7,9.15,clear sky
435,Belyy Yar,RU,53.6039,91.3903,55.29,76,0,0.0,clear sky
436,Fairbanks,US,64.8378,-147.7164,66.49,46,0,3.44,clear sky
437,Shingu,JP,33.7333,135.9833,64.63,90,100,4.23,overcast clouds
438,Revelstoke,CA,50.9832,-118.2023,64.42,68,75,3.44,broken clouds
439,Aykhal,RU,66.0,111.5,45.57,76,98,9.64,overcast clouds
440,Benjamin Aceval,PY,-24.9667,-57.5667,60.94,47,0,5.28,clear sky
441,Baiyin,CN,36.5583,104.2081,58.57,29,86,2.51,overcast clouds
442,Pitimbu,BR,-7.4706,-34.8086,75.79,79,14,6.96,few clouds
443,Salalah,OM,17.0151,54.0924,84.15,84,89,5.12,overcast clouds
444,Adrar,MR,20.5022,-10.0711,97.83,10,79,1.77,broken clouds
445,Falam,MM,22.9167,93.6833,61.07,96,57,3.78,broken clouds
446,Zhezkazgan,KZ,47.8043,67.7144,66.49,40,83,4.72,broken clouds
447,Sri Aman,MY,1.2376,111.4621,75.25,100,98,0.0,overcast clouds
448,Kumukh,RU,42.1704,47.1161,51.04,86,70,5.37,broken clouds
449,Cuiaba,BR,-15.5961,-56.0967,66.13,88,100,5.75,light rain
450,Aketi,CD,2.7388,23.7833,70.52,95,47,1.54,scattered clouds
451,Laureles,US,26.1092,-97.4941,98.74,57,20,17.27,few clouds
452,Asuncion,PY,-25.3007,-57.6359,60.24,44,0,6.91,clear sky
453,Balykshi,KZ,47.0667,51.8667,71.6,53,0,13.42,clear sky
454,Guhagar,IN,17.4842,73.1929,78.48,88,100,6.96,heavy intensity rain
455,Prince Albert,CA,53.2001,-105.7677,67.95,52,75,10.36,broken clouds
456,La Palma,US,33.8464,-118.0467,101.97,60,0,10.36,clear sky
457,Hualmay,PE,-11.0964,-77.6139,67.46,71,18,12.57,few clouds
458,Jiexiu,CN,37.0244,111.9125,65.89,81,100,1.3,light rain
459,Nago,JP,26.5881,127.9761,76.05,90,100,8.34,moderate rain
460,Kano,NG,12.0001,8.5167,86.77,41,5,3.76,clear sky
461,Bodaybo,RU,57.8506,114.1933,54.23,79,13,1.99,few clouds
462,Lisakovsk,KZ,52.5369,62.4936,56.97,84,11,8.72,few clouds
463,Omboue,GA,-1.5746,9.2618,75.72,90,7,3.49,clear sky
464,Gornyye Klyuchi,RU,45.25,133.5,56.46,82,15,3.69,few clouds
465,La Primavera,CO,5.4906,-70.4092,79.23,83,100,3.87,overcast clouds
466,Avrille,FR,47.5,-0.5833,67.98,61,63,11.32,broken clouds
467,Divnogorsk,RU,55.9594,92.3619,52.29,70,75,4.92,broken clouds
468,La Plata,AR,-34.9215,-57.9545,56.82,33,45,6.6,scattered clouds
469,Limulunga,ZM,-15.0969,23.1376,56.44,60,8,5.99,clear sky
470,Banda Aceh,ID,5.5577,95.3222,79.88,76,100,10.45,overcast clouds
471,Bisira,PA,8.5196,-81.7115,63.43,94,100,1.63,overcast clouds
472,Henties Bay,NA,-22.116,14.2845,66.11,55,0,3.36,clear sky
473,Beringovskiy,RU,63.05,179.3167,38.64,78,53,7.76,broken clouds
474,Ciudad Ojeda,VE,10.1964,-71.3082,84.2,71,100,6.78,overcast clouds
475,Lujiang,CN,31.2581,117.2817,69.48,81,100,7.96,light rain
476,Rodrigues Alves,BR,-7.738,-72.6509,77.2,72,100,2.21,overcast clouds
477,Maragogi,BR,-9.0122,-35.2225,76.69,84,9,4.7,clear sky
478,Zhigansk,RU,66.7697,123.3711,48.96,79,100,12.66,overcast clouds
479,Kalino,RU,58.2504,57.6085,45.93,89,100,8.79,overcast clouds
480,Ulladulla,AU,-35.35,150.4667,52.7,57,0,14.47,clear sky
481,Banff,CA,51.1762,-115.5698,65.43,36,68,9.22,broken clouds
482,Moose Factory,CA,51.2585,-80.6094,57.2,82,100,8.05,overcast clouds
483,Birin,NP,26.8865,88.0718,62.11,89,54,4.7,heavy intensity rain
484,Walvis Bay,NA,-22.9575,14.5053,71.1,37,0,6.91,clear sky
485,Shitanjing,CN,39.2342,106.3439,59.81,19,71,3.09,broken clouds
486,Kenai,US,60.5544,-151.2583,62.02,72,20,17.27,few clouds
487,Lakes Entrance,AU,-37.8811,147.981,52.16,76,100,22.95,overcast clouds
488,Bayshore Gardens,US,27.4253,-82.5904,86.13,61,75,12.66,broken clouds
489,Itoman,JP,26.1247,127.6694,75.97,92,75,4.61,broken clouds
490,Lac Du Bonnet,CA,50.2536,-96.0612,76.1,32,99,2.24,overcast clouds
491,Sao Luiz Gonzaga,BR,-28.4083,-54.9608,42.62,70,0,5.12,clear sky
492,Cocobeach,GA,1.0002,9.5823,77.2,85,27,5.93,scattered clouds
493,Severobaykalsk,RU,55.65,109.3167,46.0,75,62,0.65,broken clouds
494,Waipawa,NZ,-41.4122,175.5153,52.38,72,100,13.82,moderate rain
495,Babai,IN,22.7,77.9333,84.47,53,93,17.6,moderate rain
496,Buala,SB,-8.145,159.5921,80.76,78,97,6.15,light rain
497,Juazeiro,BR,-9.4117,-40.4986,87.98,42,40,6.91,light rain
498,Nemuro,JP,43.3236,145.575,48.15,99,100,8.23,overcast clouds
499,Paita,PE,-5.0892,-81.1144,69.37,73,20,18.77,few clouds
500,Gorele,TR,41.0308,39.0031,70.74,76,100,1.88,light rain
501,Ambilobe,MG,-13.2,49.05,68.22,82,48,3.56,scattered clouds
502,Apodi,BR,-5.6642,-37.7989,77.4,71,63,7.49,broken clouds
503,Lasa,IT,46.6166,10.7002,67.08,74,1,5.46,clear sky
504,Jalu,LY,29.0331,21.5482,77.0,54,0,16.51,clear sky
505,Barguzin,RU,53.6167,109.6167,50.52,84,22,2.86,few clouds
506,Magistralnyy,RU,56.1725,107.4458,52.07,65,76,2.66,broken clouds
507,Rocha,UY,-34.4833,-54.3333,48.25,68,70,16.33,broken clouds
508,Megion,RU,61.0296,76.1136,53.62,93,99,9.13,overcast clouds
509,Bireun,ID,5.203,96.7009,76.32,84,100,3.6,moderate rain
510,Imeni Zhelyabova,RU,58.9544,36.5956,50.76,80,5,4.45,clear sky
511,Manjacaze,MZ,-24.7117,33.8828,59.05,90,0,4.79,clear sky
512,Canakkale,TR,40.0833,26.8333,59.68,92,100,2.08,light rain
513,Basco,PH,20.4487,121.9702,83.95,73,100,1.66,overcast clouds
514,Porto Murtinho,BR,-21.6989,-57.8825,62.31,26,100,6.67,overcast clouds
515,Watsa,CD,3.0372,29.5355,65.35,82,100,2.95,overcast clouds
516,Shubarkuduk,KZ,49.1447,56.4872,63.75,75,47,8.16,scattered clouds
517,Portland,US,45.5234,-122.6762,68.56,83,100,7.0,overcast clouds
518,Sawakin,SD,19.1059,37.3321,91.87,36,0,6.06,clear sky
519,Comitan,MX,16.25,-92.1333,73.81,55,10,5.3,clear sky
520,Bjornevatn,NO,69.6672,29.9847,64.74,36,100,8.05,overcast clouds
521,Lorengau,PG,-2.0226,147.2712,81.5,73,17,7.31,few clouds
522,Bennettsville,US,34.6174,-79.6848,86.65,78,40,6.91,scattered clouds
523,Moerai,PF,-22.4333,-151.3333,74.84,63,83,19.13,broken clouds
524,Fare,PF,-16.7,-151.0167,79.7,76,27,17.02,moderate rain
525,Carutapera,BR,-1.195,-46.02,77.23,89,70,6.13,broken clouds
526,North Bend,US,43.4065,-124.2243,65.91,100,100,6.91,mist
527,Englewood,US,39.6478,-104.9878,101.34,14,61,3.0,broken clouds
528,Tessalit,ML,20.1986,1.0114,86.92,37,95,19.71,overcast clouds
529,Perth,AU,-31.9333,115.8333,62.78,96,0,11.5,clear sky
530,Port Hardy,CA,50.6996,-127.4199,59.18,67,75,10.36,broken clouds
531,Bhatkal,IN,13.9667,74.5667,79.09,84,100,7.18,light rain
532,Naze,JP,28.3667,129.4833,70.72,88,99,8.16,light rain
533,Kindu,CD,-2.95,25.95,70.14,87,49,2.57,light rain
534,Gizo,SB,-8.103,156.8419,81.54,73,1,6.13,clear sky
535,Algiers,DZ,36.7525,3.042,66.02,83,0,5.75,clear sky
536,Wilmington,US,34.2257,-77.9447,81.95,70,0,11.5,clear sky
537,Eidfjord,NO,60.4675,7.0719,55.02,91,100,5.17,overcast clouds
538,Columbia,US,34.0007,-81.0348,93.61,57,40,9.22,scattered clouds
539,Vardo,NO,70.3705,31.1107,60.78,44,100,16.11,overcast clouds
540,Novovasylivka,UA,46.8315,35.7536,69.73,56,18,8.84,few clouds
541,Ahipara,NZ,-35.1667,173.1667,59.22,88,100,19.48,light rain
542,Vieques,PR,18.425,-65.8329,87.82,62,40,13.8,scattered clouds
543,Umm Kaddadah,SD,13.6017,26.6876,83.61,47,100,19.13,overcast clouds
544,Aquin,HT,18.2833,-73.4,83.68,70,72,5.91,broken clouds
545,Kiama,AU,-34.6833,150.8667,53.46,61,0,19.75,clear sky
546,Peachland,CA,49.7665,-119.7357,81.68,29,22,3.0,few clouds
547,Taos,US,36.4072,-105.5731,96.21,11,0,11.01,clear sky
548,Rabo De Peixe,PT,37.8,-25.5833,65.28,89,40,12.66,light rain
549,Rondonopolis,BR,-16.4708,-54.6356,71.15,71,100,8.93,overcast clouds
550,Douglas,US,41.3,-96.167,89.53,54,75,10.36,broken clouds
551,Rancho Palos Verdes,US,33.7445,-118.387,92.08,78,17,8.01,few clouds
552,Batemans Bay,AU,-35.7167,150.1833,51.1,57,3,9.57,clear sky
553,Ipameri,BR,-17.7219,-48.1597,69.85,63,100,9.06,overcast clouds
554,Kulhudhuffushi,MV,6.6221,73.07,82.65,78,99,13.82,overcast clouds
555,Sindou,BF,10.6667,-5.1667,77.58,71,97,5.88,overcast clouds
556,Lethem,GY,3.3803,-59.7968,79.74,79,90,3.02,overcast clouds
557,Kondinskoye,RU,59.6481,67.41,54.93,95,100,4.88,light rain
558,Hazorasp,UZ,41.3194,61.0742,66.04,33,30,9.48,scattered clouds
559,Barcelos,PT,41.5388,-8.6151,77.68,77,0,4.68,clear sky
560,Taoudenni,ML,22.6783,-3.9836,109.08,6,65,12.3,broken clouds
561,Weiser,US,44.251,-116.9693,78.31,59,99,13.0,overcast clouds
562,Okaya,JP,36.0566,138.0451,57.79,88,100,3.69,moderate rain
563,Sabzevar,IR,36.2126,57.6819,74.48,43,0,11.5,clear sky
564,Karwar,IN,14.8,74.1333,77.88,85,100,5.66,overcast clouds
565,Shizunai,JP,42.3339,142.3669,55.45,97,100,4.72,overcast clouds
566,Mizan Teferi,ET,6.9833,35.5833,59.99,95,38,3.09,scattered clouds
567,Cayenne,GF,4.9333,-52.3333,84.24,1,20,11.5,few clouds
568,Yenagoa,NG,4.9247,6.2642,72.61,97,93,1.97,overcast clouds
569,Aitape,PG,-3.1374,142.3475,78.3,85,25,4.92,scattered clouds
570,Ilo,PE,-17.6394,-71.3375,65.26,77,0,9.22,clear sky
571,Mnogovershinnyy,RU,53.9353,139.9242,54.63,61,54,2.62,broken clouds
572,Yaan,NG,7.3833,8.5667,74.93,92,83,7.23,broken clouds
573,Marrakesh,MA,31.6315,-8.0083,86.07,48,40,2.3,scattered clouds
574,Ostersund,SE,63.1792,14.6357,54.05,94,20,14.0,few clouds
575,Nouadhibou,MR,20.931,-17.0347,69.78,78,0,19.57,sand
576,Wodonga,AU,-36.1167,146.8833,46.96,100,98,10.8,overcast clouds
577,Tiznit,MA,29.5833,-9.5,73.09,67,2,4.29,clear sky
578,Kupang,ID,-10.1667,123.5833,76.1,74,100,14.2,overcast clouds
579,The Valley,AI,18.217,-63.0578,85.86,70,20,19.57,few clouds
580,Aswan,EG,24.0934,32.907,97.9,9,0,5.75,clear sky
581,Kununurra,AU,-15.7667,128.7333,62.58,34,74,6.91,broken clouds
582,Chalchihuites,MX,23.4833,-103.8833,84.87,18,76,6.96,broken clouds
583,Chicama,PE,-7.8447,-79.1469,61.34,64,16,9.78,few clouds
584,Tongzi,CN,28.7829,105.0877,67.59,98,100,2.48,overcast clouds
585,Erzin,TR,36.9559,36.2,71.94,70,0,1.41,clear sky
586,Okitipupa,NG,6.5047,4.7839,72.32,99,100,2.62,overcast clouds
587,Alihe,CN,50.5667,123.7167,56.34,68,98,2.28,overcast clouds
588,Mangrol,IN,21.1167,70.1167,82.44,80,58,9.22,broken clouds
589,Broken Hill,AU,-31.95,141.4333,42.15,93,0,8.32,clear sky
590,Tambura,SS,5.6,27.4667,69.3,91,92,3.09,overcast clouds
591,Biak,ID,-0.9131,122.8766,76.21,84,100,0.38,overcast clouds
592,Labuhan,ID,-6.8844,112.2051,78.8,86,98,5.3,overcast clouds
593,Jertih,MY,5.7336,102.4897,74.73,91,100,3.83,overcast clouds
594,Calca,PE,-13.3333,-71.95,69.15,43,11,3.69,few clouds
595,Soe,ID,-9.8607,124.284,60.33,92,100,4.41,overcast clouds
596,Lunenburg,CA,44.3835,-64.3155,75.49,63,100,16.11,overcast clouds
597,Jesus,PY,-27.05,-55.7833,54.41,73,0,2.95,clear sky
598,Bato,PH,13.3528,123.3677,76.06,94,43,2.84,scattered clouds
599,Abasha,GE,42.2096,42.2211,70.02,66,1,8.25,clear sky
600,General Roca,AR,-39.0333,-67.5833,55.62,28,97,5.19,overcast clouds
601,Harper,LR,4.375,-7.7169,76.05,89,100,6.69,light rain
602,Partyzany,UA,46.3314,34.7503,69.1,57,63,8.95,broken clouds
603,Xinqing,CN,48.2333,129.5,56.19,59,35,2.01,scattered clouds
604,Koungou,YT,-12.7336,45.2042,78.51,73,0,11.5,clear sky
605,Kinsale,IE,51.7075,-8.5306,56.23,82,40,9.22,scattered clouds
606,Mahibadhoo,MV,3.7833,72.9667,82.76,76,100,11.65,overcast clouds
607,Fallbrook,US,33.3764,-117.2512,102.45,50,0,10.36,clear sky
608,Yuksekova,TR,37.5736,44.2872,60.71,68,80,4.12,broken clouds
609,Langsa,ID,4.4683,97.9683,72.66,98,100,2.71,moderate rain
610,Oistins,BB,13.0667,-59.5333,84.29,70,20,26.46,few clouds
611,Rochefort,FR,45.9167,-1.0,71.65,81,24,1.01,few clouds
612,Brigantine,US,39.4101,-74.3646,73.04,70,99,5.66,overcast clouds
613,Ulaangom,MN,49.9811,92.0667,60.46,30,23,3.71,few clouds
614,Altay,CN,47.8667,88.1167,68.7,35,11,7.29,few clouds
615,Kurtamysh,RU,54.9103,64.4319,53.69,95,62,9.73,broken clouds
616,Nacala,MZ,-14.5428,40.6728,67.05,88,0,9.28,clear sky
617,Baghdad,IQ,33.3406,44.4009,84.11,18,0,3.44,clear sky
618,Komatipoort,ZA,-25.4332,31.9548,60.42,83,0,3.15,clear sky
619,Coxim,BR,-18.5067,-54.76,69.1,57,89,3.42,overcast clouds
620,Ketchikan,US,55.3422,-131.6461,50.29,89,100,5.28,light rain
621,Dawson Creek,CA,55.7666,-120.2362,60.44,63,40,3.44,scattered clouds
622,Caruray,PH,10.3094,119.0128,79.2,82,49,2.46,scattered clouds
623,Naestved,DK,55.2299,11.7609,57.45,86,0,8.99,clear sky
624,Kualakapuas,ID,-3.0091,114.3876,72.64,99,98,2.35,overcast clouds
625,Arco,IT,45.9177,10.8867,72.95,85,1,2.15,clear sky
626,Mudgee,AU,-32.5943,149.5871,43.63,82,39,10.11,scattered clouds
627,Santa Cruz Cabralia,BR,-16.2781,-39.0247,75.43,88,0,6.91,clear sky
628,Gari,RU,59.4307,62.3497,51.55,96,98,5.99,overcast clouds
629,Toropets,RU,56.4978,31.6353,57.51,96,0,4.36,clear sky
630,Taksimo,RU,56.3444,114.8794,57.11,69,90,2.37,overcast clouds
631,Halifax,CA,44.6453,-63.5724,75.09,61,100,5.99,overcast clouds
632,Hovd,MN,48.0056,91.6419,61.86,45,21,5.44,few clouds
633,Vao,NC,-22.6667,167.4833,71.42,84,99,13.06,overcast clouds
634,Hachinohe,JP,40.5,141.5,58.05,99,100,3.6,overcast clouds
635,Charagua,BO,-19.8,-63.2167,67.57,43,1,7.34,clear sky
636,Murray Bridge,AU,-35.1167,139.2667,52.12,75,79,9.93,broken clouds
637,Ust-Nera,RU,64.5667,143.2,54.09,44,26,5.53,scattered clouds
638,Soverato,IT,38.685,16.5499,73.35,85,14,10.33,few clouds
639,Ginir,ET,7.1333,40.7,57.99,78,29,6.26,scattered clouds
640,Shetpe,KZ,44.1667,52.1167,72.09,44,0,6.6,clear sky
641,Novoselitskoye,RU,44.7508,43.4369,64.65,54,2,4.56,clear sky
642,Stornoway,GB,58.2093,-6.3865,53.56,88,75,12.66,broken clouds
643,Belaya Gora,RU,68.5333,146.4167,62.26,49,1,6.26,clear sky
644,Labrea,BR,-7.2586,-64.7981,73.15,78,94,5.39,overcast clouds
645,Banting,MY,2.8167,101.5,73.56,97,99,3.65,overcast clouds
646,Serebryansk,KZ,49.6925,83.2892,64.24,72,91,3.27,overcast clouds
647,Bukachacha,RU,52.9833,116.9167,54.72,77,100,1.9,overcast clouds
648,Ugoofaaru,MV,5.6667,73.0,82.76,76,100,12.15,overcast clouds
649,Brasilia,BR,-15.7797,-47.9297,74.32,53,40,8.05,scattered clouds
650,Moree,AU,-29.4667,149.85,39.97,87,22,8.32,few clouds
651,Kaiyuan,CN,23.6977,103.3037,65.08,96,99,3.15,overcast clouds
652,Balabac,PH,7.9868,117.0645,81.61,75,77,6.44,broken clouds
653,Flinders,AU,-34.5833,150.8552,53.26,64,0,10.0,clear sky
654,Bubaque,GW,11.2833,-15.8333,80.82,78,100,12.97,overcast clouds
655,Kahului,US,20.8947,-156.47,82.98,81,4,11.01,clear sky
656,Christchurch,NZ,-43.5333,172.6333,51.91,54,12,17.27,few clouds
657,Kaeo,NZ,-35.1,173.7833,58.32,87,92,17.58,light rain
658,Merauke,ID,-8.4667,140.3333,76.59,91,98,13.15,overcast clouds
659,Huntingdon,GB,52.3305,-0.1865,61.93,86,89,5.01,overcast clouds
660,San Andres,CO,12.5847,-81.7006,80.62,83,100,9.22,light intensity drizzle
661,Rexburg,US,43.826,-111.7897,77.43,37,100,23.17,overcast clouds
662,Samarai,PG,-10.6167,150.6667,80.35,79,93,8.1,overcast clouds
663,Santa Eulalia,PE,-11.85,-76.6833,45.0,48,2,7.4,clear sky
664,Ryotsu,JP,38.0833,138.4333,61.95,84,55,11.95,broken clouds
665,Uray,RU,60.1247,64.7758,53.76,91,100,5.01,overcast clouds
666,Palmer,US,42.1584,-72.3287,77.77,47,98,1.99,overcast clouds
667,Aguimes,ES,27.9054,-15.4461,68.67,73,20,31.07,few clouds
668,Mahon,ES,39.8885,4.2658,70.36,83,0,4.61,clear sky
669,Saint Anthony,US,45.0205,-93.218,77.2,64,99,6.17,overcast clouds
670,Coihueco,CL,-36.6167,-71.8333,59.74,55,0,3.44,clear sky
671,Chino Valley,US,34.7575,-112.4538,102.74,9,0,7.0,clear sky
672,Port Hawkesbury,CA,45.6169,-61.3485,76.95,43,20,10.36,few clouds
673,Paray-Le-Monial,FR,46.4546,4.1158,67.95,72,0,1.14,clear sky
674,Niquero,CU,20.0431,-77.5828,84.79,68,55,7.14,broken clouds
675,Matara,LK,5.9485,80.5353,77.86,89,100,9.53,overcast clouds
676,Harlingen,US,26.1906,-97.6961,98.69,34,0,16.84,clear sky
677,Athabasca,CA,54.7169,-113.2854,73.81,51,84,7.63,broken clouds
678,Lhokseumawe,ID,5.1801,97.1507,77.97,84,100,3.89,overcast clouds
679,Curaca,BR,-8.9903,-39.9094,83.26,50,96,11.54,overcast clouds
680,Hushitai,CN,41.9322,123.5114,64.31,88,100,5.55,moderate rain
681,Umm Lajj,SA,25.0213,37.2685,88.16,41,0,8.55,clear sky
682,Iskateley,RU,67.6803,53.1512,37.85,76,31,8.75,scattered clouds
683,Jamiltepec,MX,16.2833,-97.8167,81.72,69,62,9.37,broken clouds
684,Urucara,BR,-2.5364,-57.76,75.97,97,100,0.67,overcast clouds
685,Derzhavinsk,KZ,51.1,66.3167,61.45,74,68,9.84,broken clouds
686,Aliwal North,ZA,-30.6937,26.7114,46.06,48,2,6.58,clear sky
687,Cento,IT,44.726,11.2882,74.07,72,0,6.53,clear sky
688,Makakilo City,US,21.3469,-158.0858,82.56,58,2,17.98,clear sky
689,Angoche,MZ,-16.2325,39.9086,67.62,91,4,8.63,clear sky
690,Dodge City,US,37.7528,-100.0171,100.26,37,4,1.01,clear sky
